"keys","domain"
"ud730","Data Science"
"ud170","Data Science"
"cs101","Data Science"
"ud257","Data Science"
"ud120","Data Science"
"ud507","Data Science"
"ud617","Data Science"
"ud381","Data Science"
"ud651","Data Science"
"ud827","Data Science"
"ud201","Data Science"
"ud032","Data Science"
"ud919","Data Science"
"st101","Data Science"
"ud359","Data Science"
"ud262","Data Science"
"ud600","Data Science"
"ud894","Web Development"
"ud890","Web Development"
"ud899","Web Development"
"ud898","Web Development"
"ud892","Web Development"
"ud898","Web Development"
"ud304","Web Development"
"ud804","Web Development"
"ud893","Web Development"
"ud388","Web Development"
"ud595","Web Development"
"ud882","Web Development"
"ud860","Web Development"
"ud858","Web Development"
"ud015","Web Development"
"ud197","Web Development"
"ud088","Web Development"
"ud330","Web Development"
"ud299","Web Development"
"ud775","Web Development"
"cs101","Web Development"
"ud989","Web Development"
"ud990","Web Development"
"ud549","Web Development"
"ud859","Web Development"
"ud036","Web Development"
"cs253","Web Development"
"ud110","Web Development"
"ud292","Web Development"
"ud245","Web Development"
"ud162","Web Development"
"ud436","Web Development"
"ud884","Web Development"
"cs256","Web Development"
"cs255","Web Development"
"ud775","Software Engineering"
"cs101","Software Engineering"
"ud282","Software Engineering"
"ud036","Software Engineering"
"ud617","Software Engineering"
"ud805","Software Engineering"
"cs373","Software Engineering"
"ud032","Software Engineering"
"cs344","Software Engineering"
"cs271","Software Engineering"
"cs291","Software Engineering"
"cs258","Software Engineering"
"cs212","Software Engineering"
"cs215","Software Engineering"
"ud615","Software Engineering"
"ud513","Software Engineering"
"cs262","Software Engineering"
"cs387","Software Engineering"
"cs259","Software Engineering"
"cs313","Software Engineering"
"ud256","Software Engineering"
"ud834","Android"
"ud0352","Android"
"ud354","Android"
"ud851","Android"
"ud836","Android"
"ud839","Android"
"ud843","Android"
"ud845","Android"
"ud853","Android"
"ud825","Android"
"ud855","Android"
"ud009","Android"
"ud862","Android"
"ud875A","Android"
"ud875B","Android"
"ud875C","Android"
"ud875B","Android"
"ud867","Android"
"ud876-1","Android"
"ud876-2","Android"
"ud876-3","Android"
"ud876-4","Android"
"ud282","Android"
"ud849","Android"
"ud353","iOS"
"ud902","iOS"
"ud585","iOS"
"ud788","iOS"
"ud421","iOS"
"ud576","iOS"
"ud325","iOS"
"ud1009","iOS"
"ud774","iOS"
"ud607","iOS"
"cs373","Georgia Tech Masters in CS"
"ud810","Georgia Tech Masters in CS"
"ud459","Georgia Tech Masters in CS"
"ud955","Georgia Tech Masters in CS"
"ud923","Georgia Tech Masters in CS"
"ud189","Georgia Tech Masters in CS"
"ud262","Georgia Tech Masters in CS"
"ud600","Georgia Tech Masters in CS"
"ud501","Georgia Tech Masters in CS"
"ud915","Georgia Tech Masters in CS"
"ud409","Georgia Tech Masters in CS"
"ud805","Georgia Tech Masters in CS"
"ud821","Georgia Tech Masters in CS"
"ud007","Georgia Tech Masters in CS"
"ud281","Georgia Tech Masters in CS"
"ud436","Georgia Tech Masters in CS"
"ud809","Georgia Tech Masters in CS"
"ud758","Georgia Tech Masters in CS"
"ud061","Georgia Tech Masters in CS"
"ud953","Georgia Tech Masters in CS"
"ud098","Georgia Tech Masters in CS"
"ep245","Non-Tech"
"ud509","Non-Tech"
"ud518","Non-Tech"
"ud723","Non-Tech"
"ud719","Non-Tech"
"ud806","Non-Tech"
"design101","Non-Tech"
"ma004","Non-Tech"
"ma008","Non-Tech"
"ma006","Non-Tech"
"cs222","Non-Tech"
"ph100","Non-Tech"
"bio110","Non-Tech"
"ps001","Non-Tech"
